{"cameraMode":{"drawMode":0,"name":"Shaded","section":"Shading Mode"},"sceneLighting":false,"audioPlay":false,"sceneViewState":{"showFog":true,"showMaterialUpdate":false,"showSkybox":false,"showFlares":true,"showImageEffects":true,"showParticleSystems":true},"in2DMode":false,"pivot":{"x":-39.13392639160156,"y":-0.30374908447265627,"z":-6.615718841552734},"rotation":{"x":-0.15545719861984254,"y":0.8438661098480225,"z":-0.34422430396080019,"w":-0.3811059892177582},"size":22.29844856262207,"orthographic":false}